INSERT into ROL  values
  (1, 'Administrador', 'prueba', 'A'),
  (2, 'Cliente', 'prueba', 'A'),
  (3, 'Analista', 'prueba', 'A'),
  (4, 'Encuestado', 'prueba', 'A');

INSERT into OCUPACION  values
  (1, 'Arquitecto', 'A'),
  (2, 'Médico', 'A'),
  (3, 'Profesor', 'A'),
  (4, 'Abogado', 'A'),
  (5, 'Ingeniero', 'A'),
  (6, 'Enfermero', 'A'),
  (7, 'Contador publico', 'A'),
  (8, 'Administrador', 'A'),
  (9, 'Psicólogo', 'A'),
  (10, 'Periodista', 'A');

INSERT into NIVEL_ACADEMICO  values
  (1, 'Analfabeta', 'A'),
  (2, 'Sin estudios', 'A'),
  (3, 'Educación básica o primaria', 'A'),
  (4, 'Educación media o secundaria', 'A'),
  (5, 'Grado universitario', 'A'),
  (6, 'Postgrado', 'A');

INSERT into NIVEL_ECONOMICO  values
  (1, 'Muy bajo', 'A'),
  (2, 'Clase baja', 'A'),
  (3, 'Clase media', 'A'),
  (4, 'Clase alta', 'A'),
  (5, 'Muy alto', 'A');

INSERT into CATEGORIA  values
  (1, 'Computación', 'A'),
  (2, 'Salud y medicamentos', 'A'),
  (3, 'Hogar', 'A'),
  (4, 'Música y películas', 'A'),
  (5, 'Teléfonos celulares', 'A'),
  (6, 'Alimentos', 'A'),
  (7, 'Cuidado personal', 'A'),
  (8, 'Vestimenta', 'A');

ALTER TABLE Subcategoria modify descripcion VARCHAR(200);

INSERT into SUBCATEGORIA  values
  (1, 'Software', 'Software para computadores', 'A', 1),
  (2, 'Hardware', 'Componentes y accesorios para computadores', 'A', 1),
  (3, 'Antibióticos', 'Antibióticos para todas las edades', 'A', 2),
  (4, 'Primeros auxilios', 'Elementos para atender emergencias sencillas', 'A', 2),
  (5, 'Otros medicamentos', 'Medicamentos con finalidades muy específicas', 'A', 2),
  (6, 'Decoración del hogar', 'Elementos decorativos para el hogar', 'A', 3),
  (7, 'Mantenimiento del hogar', 'Artículos para el mantenimiento del hogar', 'A', 3),
  (8, 'Discos musicales', 'Discos de bandas y artistas de todos los géneros', 'A', 4),
  (9, 'Películas Bluray', 'Peículas en formato Bluray', 'A', 4),
  (10, 'Accesorios de multimedia', 'Artículos para reproducir y almacenar su música y películas', 'A', 4),
  (11, 'Teléfonos inteligentes', 'Los teléfonos más modernos y con mejores características', 'A', 5),
  (12, 'Teléfonos básicos', 'Equipos dirigidos a realizar llamadas y enviar SMS', 'A', 5),
  (13, 'Accesorios para celulares', 'Accesorios para proteger y aprovechar su teléfono celular', 'A', 5),
  (14, 'Bebidas no alcohólicas', 'Bebidas sin contenido alcohólico', 'A', 6),
  (15, 'Bebidas alcohólicas', 'Bebidas con contenido alcohólico', 'A', 6),
  (16, 'Dulce', 'Alimentos dulces y postres', 'A', 6),
  (17, 'Salado', 'Desde carnes y pescados hasta panes y bolería', 'A', 6),
  (18, 'Desodorante', 'Desodorantes para hombre y mujeres', 'A', 7),
  (19, 'Jabones', 'Jabones con múltiples propiedades y olores', 'A', 7),
  (20, 'Cremas', 'Cremas para el cuidado personal', 'A', 7),
  (21, 'Calzado', 'Zapatos y artículos para llevar en los pies', 'A', 8),
  (22, 'Pantalones y faldas', 'Artículos variados para las piernas de hombres y mujeres', 'A', 8),
  (23, 'Prendas superiores', 'Variedad de franles, camisas y blusas', 'A', 8),
  (24, 'Gorras y sombreros', 'Artículos para llevar en la cabeza', 'A', 8);

INSERT into MARCA  values
  (1, 'Adidas', 'A'),
  (2, 'Nike', 'A'),
  (3, 'Purina', 'A'),
  (4, 'Mitsubishi', 'A'),
  (5, 'Nvidia', 'A'),
  (6, 'Intel', 'A'),
  (7, 'Xiaomi', 'A'),
  (8, 'Apple', 'A'),
  (9, 'Samsung', 'A'),
  (10, 'Rexona', 'A'),
  (11, 'Colgate', 'A'),
  (12, 'Muebles DecHogar', 'A'),
  (13, 'Honda', 'A'),
  (14, 'Pfizer', 'A'),
  (15, 'Disney', 'A'),
  (16, 'Bombillos Bulb', 'A'),
  (17, 'General Electric', 'A');

INSERT INTO LUGAR(nombre,tipo, categoriaSocioeconomica, estado) VALUES
('Amazonas', 'estado', 'Baja', 'A'),
('Anzoátegui', 'estado', 'Alta', 'A'),
('Apure', 'estado', 'Media', 'A'),
('Aragua', 'estado', 'Alta', 'A'),
('Barinas', 'estado', 'Media', 'A'),
('Bolívar', 'estado', 'Baja', 'A'),
('Carabobo', 'estado', 'Alta', 'A'),
('Cojedes', 'estado', 'Media', 'A'),
('Delta Amacuro', 'estado', 'Baja', 'A'),
('Falcón', 'estado', 'Media', 'A'),
('Guárico', 'estado', 'Media', 'A'),
('Lara', 'estado', 'Media', 'A'),
('Mérida', 'estado', 'Alta', 'A'),
('Miranda', 'estado', 'Alta', 'A'),
('Monagas', 'estado', 'Media', 'A'),
('Nueva Esparta', 'estado', 'Media', 'A'),
('Portuguesa', 'estado', 'Media', 'A'),
('Sucre', 'estado', 'Media', 'A'),
('Táchira', 'estado', 'Alta', 'A'),
('Trujillo', 'estado', 'Baja', 'A'),
('Vargas', 'estado', 'Alta', 'A'),
('Yaracuy', 'estado', 'Baja', 'A'),
('Zulia', 'estado', 'Alta', 'A'),
('Distrito Capital', 'estado', 'Alta', 'A'),
('Dependencias Federales', 'estado', 'Baja', 'A');

Update Lugar set tipo = 'Estado' where tipo = 'estado' and codigo < 26;

INSERT INTO LUGAR ( fk_lugar, nombre,tipo, categoriaSocioeconomica, estado) VALUES
(1, 'Alto Orinoco','municipio', 'Baja', 'A'),
(1, 'Atabapo','municipio', 'Baja', 'A'),
(1, 'Atures','municipio', 'Baja', 'A'),
(1, 'Autana','municipio', 'Baja', 'A'),
(1, 'Manapiare','municipio', 'Baja', 'A'),
(1, 'Maroa','municipio', 'Baja', 'A'),
(1, 'Río Negro','municipio', 'Baja', 'A'),

(2, 'Anaco','municipio', 'Alta', 'A'),
(2, 'Aragua','municipio', 'Alta', 'A'),
(2, 'Manuel Ezequiel Bruzual','municipio', 'Alta', 'A'),
(2, 'Diego Bautista Urbaneja','municipio', 'Alta', 'A'),
(2, 'Fernando Peñalver','municipio', 'Alta', 'A'),
(2, 'Francisco Del Carmen Carvajal','municipio', 'Alta', 'A'),
(2, 'General Sir Arthur McGregor','municipio', 'Alta', 'A'),
(2, 'Guanta','municipio', 'Alta', 'A'),
(2, 'Independencia','municipio', 'Alta', 'A'),
(2, 'José Gregorio Monagas','municipio', 'Alta', 'A'),
(2, 'Juan Antonio Sotillo','municipio', 'Alta', 'A'),
(2, 'Juan Manuel Cajigal','municipio', 'Alta', 'A'),
(2, 'Libertad','municipio', 'Alta', 'A'),
(2, 'Francisco de Miranda','municipio', 'Alta', 'A'),
(2, 'Pedro María Freites','municipio', 'Alta', 'A'),
(2, 'Píritu','municipio', 'Alta', 'A'),
(2, 'San José de Guanipa','municipio', 'Alta', 'A'),
(2, 'San Juan de Capistrano','municipio', 'Alta', 'A'),
(2, 'Santa Ana','municipio', 'Alta', 'A'),
(2, 'Simón Bolívar','municipio', 'Alta', 'A'),
(2, 'Simón Rodríguez','municipio', 'Alta', 'A'),

(3, 'Achaguas','municipio', 'Media', 'A'),
(3, 'Biruaca','municipio', 'Media', 'A'),
(3, 'Muñóz','municipio', 'Media', 'A'),
(3, 'Páez','municipio', 'Media', 'A'),
(3, 'Pedro Camejo','municipio', 'Media', 'A'),
(3, 'Rómulo Gallegos','municipio', 'Media', 'A'),
(3, 'San Fernando','municipio', 'Media', 'A'),

(4, 'Atanasio Girardot','municipio', 'Alta', 'A'),
(4, 'Bolívar','municipio', 'Alta', 'A'),
(4, 'Camatagua','municipio', 'Alta', 'A'),
(4, 'Francisco Linares Alcántara','municipio', 'Alta', 'A'),
(4, 'José Ángel Lamas','municipio', 'Alta', 'A'),
(4, 'José Félix Ribas','municipio', 'Alta', 'A'),
(4, 'José Rafael Revenga','municipio', 'Alta', 'A'),
(4, 'Libertador','municipio', 'Alta', 'A'),
(4, 'Ocumare de la Costa de Oro','municipio', 'Alta', 'A'),
(4, 'San Casimiro','municipio', 'Alta', 'A'),
(4, 'Mario Briceño Iragorry','municipio', 'Alta', 'A'),
(4, 'San Sebastián','municipio', 'Alta', 'A'),
(4, 'Santiago Mariño','municipio', 'Alta', 'A'),
(4, 'Santos Michelena','municipio', 'Alta', 'A'),
(4, 'Sucre','municipio', 'Alta', 'A'),
(4, 'Tovar','municipio', 'Alta', 'A'),
(4, 'Urdaneta','municipio', 'Alta', 'A'),
(4, 'Zamora','municipio', 'Alta', 'A'),

(5, 'Alberto Arvelo Torrealba','municipio', 'Media', 'A'),
(5, 'Andrés Eloy Blanco','municipio', 'Media', 'A'),
(5, 'Antonio José de Sucre','municipio', 'Media', 'A'),
(5, 'Arismendi','municipio', 'Media', 'A'),
(5, 'Barinas','municipio', 'Media', 'A'),
(5, 'Bolívar','municipio', 'Media', 'A'),
(5, 'Cruz Paredes','municipio', 'Media', 'A'),
(5, 'Ezequiel Zamora','municipio', 'Media', 'A'),
(5, 'Obispos','municipio', 'Media', 'A'),
(5, 'Pedraza','municipio', 'Media', 'A'),
(5, 'Rojas','municipio', 'Media', 'A'),
(5, 'Sosa','municipio', 'Media', 'A'),

(6, 'Caroní','municipio', 'Baja', 'A'),
(6, 'Cedeño','municipio', 'Baja', 'A'),
(6, 'El Callao','municipio', 'Baja', 'A'),
(6, 'Gran Sabana','municipio', 'Baja', 'A'),
(6, 'Heres','municipio', 'Baja', 'A'),
(6, 'Piar','municipio', 'Baja', 'A'),
(6, 'Angostura (Raúl Leoni)','municipio', 'Baja', 'A'),
(6, 'Roscio','municipio', 'Baja', 'A'),
(6, 'Sifontes','municipio', 'Baja', 'A'),
(6, 'Sucre','municipio', 'Baja', 'A'),
(6, 'Padre Pedro Chien','municipio', 'Baja', 'A'),

(7, 'Bejuma','municipio', 'Alta', 'A'),
(7, 'Carlos Arvelo','municipio', 'Alta', 'A'),
(7, 'Diego Ibarra','municipio', 'Alta', 'A'),
(7, 'Guacara','municipio', 'Alta', 'A'),
(7, 'Juan José Mora','municipio', 'Alta', 'A'),
(7, 'Libertador','municipio', 'Alta', 'A'),
(7, 'Los Guayos','municipio', 'Alta', 'A'),
(7, 'Miranda','municipio', 'Alta', 'A'),
(7, 'Montalbán','municipio', 'Alta', 'A'),
(7, 'Naguanagua','municipio', 'Alta', 'A'),
(7, 'Puerto Cabello','municipio', 'Alta', 'A'),
(7, 'San Diego','municipio', 'Alta', 'A'),
(7, 'San Joaquín','municipio', 'Alta', 'A'),
(7, 'Valencia','municipio', 'Alta', 'A'),

(8, 'Anzoátegui','municipio', 'Media', 'A'),
(8, 'Tinaquillo','municipio', 'Media', 'A'),
(8, 'Girardot','municipio', 'Media', 'A'),
(8, 'Lima Blanco','municipio', 'Media', 'A'),
(8, 'Pao de San Juan Bautista','municipio', 'Media', 'A'),
(8, 'Ricaurte','municipio', 'Media', 'A'),
(8, 'Rómulo Gallegos','municipio', 'Media', 'A'),
(8, 'San Carlos','municipio', 'Media', 'A'),
(8, 'Tinaco','municipio', 'Media', 'A'),

(9, 'Antonio Díaz','municipio', 'Baja', 'A'),
(9, 'Casacoima','municipio', 'Baja', 'A'),
(9, 'Pedernales','municipio', 'Baja', 'A'),
(9, 'Tucupita','municipio', 'Baja', 'A'),

(10, 'Acosta','municipio', 'Media', 'A'),
(10, 'Bolívar','municipio', 'Media', 'A'),
(10, 'Buchivacoa','municipio', 'Media', 'A'),
(10, 'Cacique Manaure','municipio', 'Media', 'A'),
(10, 'Carirubana','municipio', 'Media', 'A'),
(10, 'Colina','municipio', 'Media', 'A'),
(10, 'Dabajuro','municipio', 'Media', 'A'),
(10, 'Democracia','municipio', 'Media', 'A'),
(10, 'Falcón','municipio', 'Media', 'A'),
(10, 'Federación','municipio', 'Media', 'A'),
(10, 'Jacura','municipio', 'Media', 'A'),
(10, 'José Laurencio Silva','municipio', 'Media', 'A'),
(10, 'Los Taques','municipio', 'Media', 'A'),
(10, 'Mauroa','municipio', 'Media', 'A'),
(10, 'Miranda','municipio', 'Media', 'A'),
(10, 'Monseñor Iturriza','municipio', 'Media', 'A'),
(10, 'Palmasola','municipio', 'Media', 'A'),
(10, 'Petit','municipio', 'Media', 'A'),
(10, 'Píritu','municipio', 'Media', 'A'),
(10, 'San Francisco','municipio', 'Media', 'A'),
(10, 'Sucre','municipio', 'Media', 'A'),
(10, 'Tocópero','municipio', 'Media', 'A'),
(10, 'Unión','municipio', 'Media', 'A'),
(10, 'Urumaco','municipio', 'Media', 'A'),
(10, 'Zamora','municipio', 'Media', 'A'),

(11, 'Camaguán','municipio', 'Media', 'A'),
(11, 'Chaguaramas','municipio', 'Media', 'A'),
(11, 'El Socorro','municipio', 'Media', 'A'),
(11, 'José Félix Ribas','municipio', 'Media', 'A'),
(11, 'José Tadeo Monagas','municipio', 'Media', 'A'),
(11, 'Juan Germán Roscio','municipio', 'Media', 'A'),
(11, 'Julián Mellado','municipio', 'Media', 'A'),
(11, 'Las Mercedes','municipio', 'Media', 'A'),
(11, 'Leonardo Infante','municipio', 'Media', 'A'),
(11, 'Pedro Zaraza','municipio', 'Media', 'A'),
(11, 'Ortíz','municipio', 'Media', 'A'),
(11, 'San Gerónimo de Guayabal','municipio', 'Media', 'A'),
(11, 'San José de Guaribe','municipio', 'Media', 'A'),
(11, 'Santa María de Ipire','municipio', 'Media', 'A'),
(11, 'Sebastián Francisco de Miranda','municipio', 'Media', 'A'),

(12, 'Andrés Eloy Blanco','municipio', 'Media', 'A'),
(12, 'Crespo','municipio', 'Media', 'A'),
(12, 'Iribarren','municipio', 'Media', 'A'),
(12, 'Jiménez','municipio', 'Media', 'A'),
(12, 'Morán','municipio', 'Media', 'A'),
(12, 'Palavecino','municipio', 'Media', 'A'),
(12, 'Simón Planas','municipio', 'Media', 'A'),
(12, 'Torres','municipio', 'Media', 'A'),
(12, 'Urdaneta','municipio', 'Media', 'A'),

(13, 'Alberto Adriani','municipio', 'Alta', 'A'),
(13, 'Andrés Bello','municipio', 'Alta', 'A'),
(13, 'Antonio Pinto Salinas','municipio', 'Alta', 'A'),
(13, 'Aricagua','municipio', 'Alta', 'A'),
(13, 'Arzobispo Chacón','municipio', 'Alta', 'A'),
(13, 'Campo Elías','municipio', 'Alta', 'A'),
(13, 'Caracciolo Parra Olmedo','municipio', 'Alta', 'A'),
(13, 'Cardenal Quintero','municipio', 'Alta', 'A'),
(13, 'Guaraque','municipio', 'Alta', 'A'),
(13, 'Julio César Salas','municipio', 'Alta', 'A'),
(13, 'Justo Briceño','municipio', 'Alta', 'A'),
(13, 'Libertador','municipio', 'Alta', 'A'),
(13, 'Miranda','municipio', 'Alta', 'A'),
(13, 'Obispo Ramos de Lora','municipio', 'Alta', 'A'),
(13, 'Padre Noguera','municipio', 'Alta', 'A'),
(13, 'Pueblo Llano','municipio', 'Alta', 'A'),
(13, 'Rangel','municipio', 'Alta', 'A'),
(13, 'Rivas Dávila','municipio', 'Alta', 'A'),
(13, 'Santos Marquina','municipio', 'Alta', 'A'),
(13, 'Sucre','municipio', 'Alta', 'A'),
(13, 'Tovar','municipio', 'Alta', 'A'),
(13, 'Tulio Febres Cordero','municipio', 'Alta', 'A'),
(13, 'Zea','municipio', 'Alta', 'A'),

(14, 'Acevedo','municipio', 'Alta', 'A'),
(14, 'Andrés Bello','municipio', 'Alta', 'A'),
(14, 'Baruta','municipio', 'Alta', 'A'),
(14, 'Brión','municipio', 'Alta', 'A'),
(14, 'Buroz','municipio', 'Alta', 'A'),
(14, 'Carrizal','municipio', 'Alta', 'A'),
(14, 'Chacao','municipio', 'Alta', 'A'),
(14, 'Cristóbal Rojas','municipio', 'Alta', 'A'),
(14, 'El Hatillo','municipio', 'Alta', 'A'),
(14, 'Guaicaipuro','municipio', 'Alta', 'A'),
(14, 'Independencia','municipio', 'Alta', 'A'),
(14, 'Lander','municipio', 'Alta', 'A'),
(14, 'Los Salias','municipio', 'Alta', 'A'),
(14, 'Páez','municipio', 'Alta', 'A'),
(14, 'Paz Castillo','municipio', 'Alta', 'A'),
(14, 'Pedro Gual','municipio', 'Alta', 'A'),
(14, 'Plaza','municipio', 'Alta', 'A'),
(14, 'Simón Bolívar','municipio', 'Alta', 'A'),
(14, 'Sucre','municipio', 'Alta', 'A'),
(14, 'Urdaneta','municipio', 'Alta', 'A'),
(14, 'Zamora','municipio', 'Alta', 'A'),

(15, 'Acosta','municipio', 'Media', 'A'),
(15, 'Aguasay','municipio', 'Media', 'A'),
(15, 'Bolívar','municipio', 'Media', 'A'),
(15, 'Caripe','municipio', 'Media', 'A'),
(15, 'Cedeño','municipio', 'Media', 'A'),
(15, 'Ezequiel Zamora','municipio', 'Media', 'A'),
(15, 'Libertador','municipio', 'Media', 'A'),
(15, 'Maturín','municipio', 'Media', 'A'),
(15, 'Piar','municipio', 'Media', 'A'),
(15, 'Punceres','municipio', 'Media', 'A'),
(15, 'Santa Bárbara','municipio', 'Media', 'A'),
(15, 'Sotillo','municipio', 'Media', 'A'),
(15, 'Uracoa','municipio', 'Media', 'A'),


(16, 'Antolín del Campo','municipio', 'Media', 'A'),
(16, 'Arismendi','municipio', 'Media', 'A'),
(16, 'García','municipio', 'Media', 'A'),
(16, 'Gómez','municipio', 'Media', 'A'),
(16, 'Maneiro','municipio', 'Media', 'A'),
(16, 'Marcano','municipio', 'Media', 'A'),
(16, 'Mariño','municipio', 'Media', 'A'),
(16, 'Península de Macanao','municipio', 'Media', 'A'),
(16, 'Tubores','municipio', 'Media', 'A'),
(16, 'Villalba','municipio', 'Media', 'A'),
(16, 'Díaz','municipio', 'Media', 'A'),

(17, 'Agua Blanca','municipio', 'Media', 'A'),
(17, 'Araure','municipio', 'Media', 'A'),
(17, 'Esteller','municipio', 'Media', 'A'),
(17, 'Guanare','municipio', 'Media', 'A'),
(17, 'Guanarito','municipio', 'Media', 'A'),
(17, 'Monseñor José Vicente de Unda','municipio', 'Media', 'A'),
(17, 'Ospino','municipio', 'Media', 'A'),
(17, 'Páez','municipio', 'Media', 'A'),
(17, 'Papelón','municipio', 'Media', 'A'),
(17, 'San Genaro de Boconoíto','municipio', 'Media', 'A'),
(17, 'San Rafael de Onoto','municipio', 'Media', 'A'),
(17, 'Santa Rosalía','municipio', 'Media', 'A'),
(17, 'Sucre','municipio', 'Media', 'A'),
(17, 'Turén','municipio', 'Media', 'A'),

(18, 'Andrés Eloy Blanco','municipio', 'Media', 'A'),
(18, 'Andrés Mata','municipio', 'Media', 'A'),
(18, 'Arismendi','municipio', 'Media', 'A'),
(18, 'Benítez','municipio', 'Media', 'A'),
(18, 'Bermúdez','municipio', 'Media', 'A'),
(18, 'Bolívar','municipio', 'Media', 'A'),
(18, 'Cajigal','municipio', 'Media', 'A'),
(18, 'Cruz Salmerón Acosta','municipio', 'Media', 'A'),
(18, 'Libertador','municipio', 'Media', 'A'),
(18, 'Mariño','municipio', 'Media', 'A'),
(18, 'Mejía','municipio', 'Media', 'A'),
(18, 'Montes','municipio', 'Media', 'A'),
(18, 'Ribero','municipio', 'Media', 'A'),
(18, 'Sucre','municipio', 'Media', 'A'),
(18, 'Valdéz','municipio', 'Media', 'A'),

(19, 'Andrés Bello','municipio', 'Alta', 'A'),
(19, 'Antonio Rómulo Costa','municipio', 'Alta', 'A'),
(19, 'Ayacucho','municipio', 'Alta', 'A'),
(19, 'Bolívar','municipio', 'Alta', 'A'),
(19, 'Cárdenas','municipio', 'Alta', 'A'),
(19, 'Córdoba','municipio', 'Alta', 'A'),
(19, 'Fernández Feo','municipio', 'Alta', 'A'),
(19, 'Francisco de Miranda','municipio', 'Alta', 'A'),
(19, 'García de Hevia','municipio', 'Alta', 'A'),
(19, 'Guásimos','municipio', 'Alta', 'A'),
(19, 'Independencia','municipio', 'Alta', 'A'),
(19, 'Jáuregui','municipio', 'Alta', 'A'),
(19, 'José María Vargas','municipio', 'Alta', 'A'),
(19, 'Junín','municipio', 'Alta', 'A'),
(19, 'Libertad','municipio', 'Alta', 'A'),
(19, 'Libertador','municipio', 'Alta', 'A'),
(19, 'Lobatera','municipio', 'Alta', 'A'),
(19, 'Michelena','municipio', 'Alta', 'A'),
(19, 'Panamericano','municipio', 'Alta', 'A'),
(19, 'Pedro María Ureña','municipio', 'Alta', 'A'),
(19, 'Rafael Urdaneta','municipio', 'Alta', 'A'),
(19, 'Samuel Darío Maldonado','municipio', 'Alta', 'A'),
(19, 'San Cristóbal','municipio', 'Alta', 'A'),
(19, 'Seboruco','municipio', 'Alta', 'A'),
(19, 'Simón Rodríguez','municipio', 'Alta', 'A'),
(19, 'Sucre','municipio', 'Alta', 'A'),
(19, 'Torbes','municipio', 'Alta', 'A'),
(19, 'Uribante','municipio', 'Alta', 'A'),
(19, 'San Judas Tadeo','municipio', 'Alta', 'A'),

(20, 'Andrés Bello','municipio', 'Baja', 'A'),
(20, 'Boconó','municipio', 'Baja', 'A'),
(20, 'Bolívar','municipio', 'Baja', 'A'),
(20, 'Candelaria','municipio', 'Baja', 'A'),
(20, 'Carache','municipio', 'Baja', 'A'),
(20, 'Escuque','municipio', 'Baja', 'A'),
(20, 'José Felipe Márquez Cañizalez','municipio', 'Baja', 'A'),
(20, 'Juan Vicente Campos Elías','municipio', 'Baja', 'A'),
(20, 'La Ceiba','municipio', 'Baja', 'A'),
(20, 'Miranda','municipio', 'Baja', 'A'),
(20, 'Monte Carmelo','municipio', 'Baja', 'A'),
(20, 'Motatán','municipio', 'Baja', 'A'),
(20, 'Pampán','municipio', 'Baja', 'A'),
(20, 'Pampanito','municipio', 'Baja', 'A'),
(20, 'Rafael Rangel','municipio', 'Baja', 'A'),
(20, 'San Rafael de Carvajal','municipio', 'Baja', 'A'),
(20, 'Sucre','municipio', 'Baja', 'A'),
(20, 'Trujillo','municipio', 'Baja', 'A'),
(20, 'Urdaneta','municipio', 'Baja', 'A'),
(20, 'Valera','municipio', 'Baja', 'A'),

(21, 'Vargas','municipio', 'Alta', 'A'),

(22, 'Arístides Bastidas','municipio', 'Baja', 'A'),
(22, 'Bolívar','municipio', 'Baja', 'A'),
(22, 'Bruzual','municipio', 'Baja', 'A'),
(22, 'Cocorote','municipio', 'Baja', 'A'),
(22, 'Independencia','municipio', 'Baja', 'A'),
(22, 'José Antonio Páez','municipio', 'Baja', 'A'),
(22, 'La Trinidad','municipio', 'Baja', 'A'),
(22, 'Manuel Monge','municipio', 'Baja', 'A'),
(22, 'Nirgua','municipio', 'Baja', 'A'),
(22, 'Peña','municipio', 'Baja', 'A'),
(22, 'San Felipe','municipio', 'Baja', 'A'),
(22, 'Sucre','municipio', 'Baja', 'A'),
(22, 'Urachiche','municipio', 'Baja', 'A'),
(22, 'José Joaquín Veroes','municipio', 'Baja', 'A'),

(23, 'Almirante Padilla','municipio', 'Alta', 'A'),
(23, 'Baralt','municipio', 'Alta', 'A'),
(23, 'Cabimas','municipio', 'Alta', 'A'),
(23, 'Catatumbo','municipio', 'Alta', 'A'),
(23, 'Colón','municipio', 'Alta', 'A'),
(23, 'Francisco Javier Pulgar','municipio', 'Alta', 'A'),
(23, 'Páez','municipio', 'Alta', 'A'),
(23, 'Jesús Enrique Losada','municipio', 'Alta', 'A'),
(23, 'Jesús María Semprún','municipio', 'Alta', 'A'),
(23, 'La Cañada de Urdaneta','municipio', 'Alta', 'A'),
(23, 'Lagunillas','municipio', 'Alta', 'A'),
(23, 'Machiques de Perijá','municipio', 'Alta', 'A'),
(23, 'Mara','municipio', 'Alta', 'A'),
(23, 'Maracaibo','municipio', 'Alta', 'A'),
(23, 'Miranda','municipio', 'Alta', 'A'),
(23, 'Rosario de Perijá','municipio', 'Alta', 'A'),
(23, 'San Francisco','municipio', 'Alta', 'A'),
(23, 'Santa Rita','municipio', 'Alta', 'A'),
(23, 'Simón Bolívar','municipio', 'Alta', 'A'),
(23, 'Sucre','municipio', 'Alta', 'A'),
(23, 'Valmore Rodríguez','municipio', 'Alta', 'A'),

(24, 'Libertador','municipio', 'Alta', 'A');

update lugar set tipo = "Municipio" where tipo = "municipio" and codigo > 25;

insert into Dato_usuario (codigo, cedula, primerNombre, segundoNombre, primerApellido, segundoApellido, sexo, fechaNacimiento, estadoCivil, disponibilidadEnLinea, conCuantasPersonasVive, medio_comunicacion, estado, fk_nivelEconomico, fk_lugar, fk_nivelAcademico, fk_ocupacion) Values
(1, '25215146','Alejandro', 'José','Andrade','Africano','Masculino', '1996-04-10','Soltero','Si','1','Correo electrónico', 'A', 1, 175, 1, 5),
(2, '252242','Manuel', 'Luis','Gimenez','Giralt','Masculino', '1980-05-10','Casado','Si','1','Correo electrónico', 'A', 1, 176, 4, 5),
(3, '248292','María', 'Josefina','Piol','Rocco','Femenino', '1998-04-22','Soltero','Si','3','Correo electrónico', 'A', 1, 200, 3, 6),
(4, '99503','Joanna', 'Yolanda','Andrada','Muzzioti','Femenino', '1960-04-21','Divorciado','Si','3','Correo electrónico', 'A', 1, 201, 5, 6),
(5, '889181','Alejandro', 'Pedro','Holguín','Puyol','Masculino', '1975-12-12','Divorciado','Si','1','Correo electrónico', 'A', 1, 174, 1, 5),
(6, '1299501','Mario', 'Luis','Bauza','Chavez','Masculino', '1990-01-01','Soltero','Si','1','Correo electrónico', 'A', 1, 175, 3, 5),
(7, '173741','Ana', 'María','Gonzalez','Jimenez','Femenino', '1960-10-10','Casado','Si','3','Correo electrónico', 'A', 1, 202, 3, 6),
(8, '5939191','Yolanda', 'Manuela','Perez','Gundersen','Femenino', '1957-12-15','Soltero','Si','3','Correo electrónico', 'A', 1, 203, 2, 6),
(9, '119281','Santiago', 'Alejandro','Teixeira','Chamoun','Masculino', '1986-06-23','Divorciado','No','1','Correo electrónico', 'A', 2, 191, 4, 5),
(10, '348292','Rubén', 'Germán','Garmendia','Etxeberria','Masculino', '1979-04-10','Casado','No','1','Correo electrónico', 'A', 2, 192, 3, 5),
(11, '223828','Estefanía', 'Carolina','Herrera','Rossi','Femenino', '1999-03-24','Soltero','Si','2','Correo electrónico', 'A', 3, 182, 2, 4),
(12, '90090','Sandra', 'Karen','Guerra','Ponce','Femenino', '1997-02-28','Soltero','Si','2','Correo electrónico', 'A', 3, 183, 5, 4),
(13, '9182831','Ander', 'Alejandro','López','Colina','Masculino', '1967-009-18','Divorciado','No','1','Correo electrónico', 'A', 2, 193, 2, 5),
(14, '1737182','Jonathan', 'Pablo','Mendez','Guzán','Masculino', '1977-11-11','Casado','No','1','Correo electrónico', 'A', 2, 190, 1, 5),
(15, '881928','Miguel', 'Ángel','Martínez','Martín','Masculino', '1988-06-16','Casado','No','1','Correo electrónico', 'A', 2, 226, 4, 6),
(16, '1828391','Francisco', 'Borja','Cobo','Gabilondo','Masculino', '1971-12-11','Soltero','No','1','Correo electrónico', 'A', 2, 225, 2, 6),
(17, '11232','Alexandra', 'Carla','Díaz','Gimenez','Femenino', '1973-05-02','Soltero','Si','2','Correo electrónico', 'A', 3, 184, 2, 4),
(18, '34557','Saúl', 'Josef','Andrade','Martínez','Masculino', '1981-07-13','Soltero','No','1','Correo electrónico', 'A', 2, 228, 3, 6),
(19, '23423422','Mariano', 'José','Sánchez','Iglesias','Masculino', '1959-04-22','Divorciado','No','1','Correo electrónico', 'A', 2, 227, 5, 6),
(20, '24445442', 'Lucía', 'Josefina','Rossi','Del Piero','Femenino', '1992-05-10','Soltero','Si','2','Correo electrónico', 'A', 3, 185, 2, 4),
(21, '9982821','Martina', 'Andreína','Andersen','Johnson','Masculino', '1985-07-09','Divorciado','No','1','Correo electrónico', 'A', 2, 225, 3, 6),
(22, '17272718','Alejandro', 'Manuel','Sucre','Carrasquero','Masculino', '1958-12-09','Soltero','No','3','Correo electrónico', 'A', 1, 290, 5, 6),
(23, '3482939', 'John', 'Mangel','Kant','Williams','Masculino', '1996-08-20','Soltero','No','3','Correo electrónico', 'A', 1, 291, 4, 6),
(24, '25223426', 'Miguel', 'José','Bosé','Iglesias','Masculino', '1998-05-01','Soltero','No','3','Correo electrónico', 'A', 1, 292, 1, 6),
(25, '25212221','Karen', 'Fernanda','Feo','Aponte','Femenino', '1970-07-13','Casado','Si','2','Correo electrónico', 'A', 3, 300, 2, 4),
(26, '17889828','Jairo', 'Manuel','Ansaldi','Dávila','Masculino', '1996-09-18','Soltero','No','3','Correo electrónico', 'A', 1, 293, 4, 6),
(27, '11222112', 'Diego', 'Lionel','Meza','Marcucci','Masculino', '1970-12-01','Casado','No','3','Correo electrónico', 'A', 1, 291, 2, 6),
(28, '9008002','Jennifer', 'Daniela','Ramos','Gómez','Femenino', '1989-09-28','Soltero','Si','2','Correo electrónico', 'A', 3, 302, 3, 4),
(29, '13331313','Ander', 'José','Fernández','Arcucci','Masculino', '1968-06-29','Divorciado','No','3','Correo electrónico', 'A', 1, 292, 4, 6),
(30, '23423421', 'Maria', 'Angelica','Llosa','Mendez','Femenino', '1963-04-19','Casado','Si','2','Correo electrónico', 'A', 3, 303, 2, 4),
(31, '6990456', 'Juana', 'Paola','Godoy','Vargas','Femenino', '1970-10-20','Casado','Si','2','Correo electrónico', 'A', 3, 301, 4, 4),
(32, '7789292', 'Milagros', 'Carolina','Pérez','López','Femenino', '1980-06-10','Casado','Si','2','Correo electrónico', 'A', 3, 302, 2, 4);

